Product,Old Price,New Price,Change %
"Xiaomi Power Bank 4i 20000mAh 33W Super Fast Charging PD |Smart 12 Layer Protection|Type C Input & Output|Triple Output Ports|Supports Android,Apple, Tablets, Earbuds,Watch(MI Powerbank),Black",2083.0,2083.0,0.0
"TVS ELECTRONICS CC-232 Classic Heavy-Duty Note Counter | Fully Automatic Money Counting Machine | 1200 Notes/Min Speed | Mg, UV & IR Fake Note Detector | Compatible with New & Old Currency Counter",6599.0,6599.0,0.0
"Redmi Pad 2 Wi-Fi + Cellular, Active Pen Support, 27.94cm(11"") Model, 2.5K Sharp & Clear Display, 6GB, 128GB, All Day & More 9000mAh Battery, AI-Enabled, Dolby Atmos, HyperOS 2, Graphite Grey",17999.0,17999.0,0.0
"OnePlus Nord Buds 3r TWS Earbuds up to 54 Hours Playback, 2-mic Clear Calls, 3D Spatial Audio, AI Translation, 12.4mm Drivers, Dual-Device Connectivity, 47ms Low Latency - Ash Black",1799.0,1799.0,0.0
Lifelong Electronics 20000mAh 22.5W Fast Charging Power Bank | 3 Inputs (1 Built-in USB A Cable + 1 C + 1 Lightning Port) & 6 Outputs (3 Built-in Cables + 1 C + 2 A Port) | Small Pocket Size Powerbank,1748.0,1748.0,0.0
"Portronics Ruffpad 8.5E Re-Writable LCD Writing Pad with Screen 21.5cm (8.5-inch) for Drawing, Playing, Handwriting Gifts for Kids & Adults,(Black)",149.0,149.0,0.0
"Portronics Snapcase 3 60W Multifunctional Fast Charging Data Cable Kit, Conversion Set USB A & Type C to Male Micro/Type C/Lightning, Data Transfer, Sim Storage, Sim Eject Pin, Pocket Size(Blue)",269.0,269.0,0.0
"Portronics Ruffpad 15 Re-Writable LCD Screen 38.1cm (15-inch) Writing Pad for Drawing, Playing, Handwriting Gifts for Kids & Adults",989.0,989.0,0.0
"GLUN® Electronic Portable Digital LED Screen Luggage Weighing Scale, 50 kg/110 Lb For Multi-Purpose Use.",248.0,248.0,0.0
"Portronics Power Shutter 20000mAh 15W Magnetic Wireless Fast Charging Powerbank with in-Built Type C & 8 Pin Cable, 22.5W Type C PD Output, Type C Bidirectional Port, LED Display (Black)",1848.0,1848.0,0.0
"UNIGEN® Uniplay 300 Mini with WiFi 6 and Bluetooth, Native HD 720P Outdoor Portable Projector, 8K Lumen, Auto Keystone Home Theater Movie Projector for iOS/HDMI/TV Stick/PS5",5998.0,5998.0,0.0
"Vooki Electronic Components Cleaner Spray with Rapid Dry Technology, Home and Commercial Use - 500ml (Pack of 2)",498.0,498.0,0.0
"SaleOn 8.3x5 Inch Tech Pouch Organizer with 1 Year Warranty – Portable Storage Organizer for USB Cable, Charger, Earphone, Power Bank, Hard Disk & Digital Gadgets, Travel Mobile Bag for Men",298.0,298.0,0.0
"Portronics Snapcase 2 60W Multifunctional Fast Charging Data Cable Kit With Retractable Cable, Conversion Set USB A & Type C to Male Micro/Lightning,Sim Storage,Sim Eject Pin",449.0,449.0,0.0
"Sony WH-CH520 Wireless Bluetooth Headphones On Ear with Mic, Up to 50Hrs Battery, Quick Charge, DSEE Upscale, Multipoint Connectivity, Voice Assistant, Customized EQ-Black",3989.0,3989.0,0.0
"SaleOn Cable Organizer Case Bag – Electronics Accessories Travel Gadget & Hard Disk Bag – Water-Resistant Portable Storage, Sleek Black (6-Month Warranty)",298.0,298.0,0.0
Shocknshop Digital Sports Stylish Multifunctional Electronic LED Black Dial Wrist Watch for Men Boys -WCH78,499.0,499.0,0.0
"Portronics Trifusion 16W HD Sound Bluetooth Speaker with 15W Wireless Charging, 360°RGB LED Lights, Digital Clock with Alarm Setting, Built-in White Noise, USB/SD Card/AUX in, Type C Charging(Black)",1449.0,1449.0,0.0
"Electrobot Starter Kit (70 ITEMS) 20+ DIY Projects with Electronics Components Breadboard, LEDs, Resistors, Switches etc",284.0,284.0,0.0
"APC Back-UPS BX600C-IN 600VA / 360W, 230V, UPS System, an Ideal Power Backup & Protection for Home Office, Desktop PC & Home Electronics",3599.0,3599.0,0.0
"HART X2 Smart Ring, 8+ Days Battery, Fitness Tracker for Sleep, Recovery, Stress, Workout, Live Heartrate, Calories, Smart Ring for Men & Women, Buy Sizing Kit First, Titanium (Sterling Gold, 7)",19499.0,19499.0,0.0
"AGARO Compressed Air Duster,Air Blower, Powerful 48000 RPM, Variable Speed, Copper Motor, Air Spray/Blower for Electronics & Inflatables, Dust Cleaner for Computer, Laptop, Home, Car & Office, AD1719",2599.0,2599.0,0.0
"Portronics Beem 450 Smart LED Projector with 1080p Full HD Resolution, Built-in Streaming Apps (Netflix, Prime Video, Hotstar), 4000 Lumens, Screen Mirroring, 3 Watt Speaker, Bluetooth, Wi-Fi (White)",7999.0,7999.0,0.0
"GM G+ Compact Travel Adapter | Universal All-in-One Worldwide Plug (US/UK/EU/AU) | Multi-Device Charging | Smart Safety Protection | Foldable, Fire-Resistant Travel Charger for 150+ Countries - White",699.0,699.0,0.0
"Havells Glamax 9W B22 WiFi LED Smart Bulb with Music Sync Function, Compatible with Amazon Alexa and Google Assistant (16M Colours)",412.0,412.0,0.0
Storio Rechargeable Pocket Video Game for Kids 400 in 1 Retro Game Box Console Handheld Game Box with TV Output - Multicolor,599.0,599.0,0.0
"GoTrippin by Destinio Weight Machine for Luggage - 50 kg capacity, Steel body, Lifetime replacement - Digital Portable Electronic Luggage Weighing Scale for home, travel, flights, bags (Silver, 50 kg)",610.0,610.0,0.0
"rts USB Universal Travel Adapter, International All in One Worldwide Travel Adapter and Wall Charger Travel Accessories with Multi Type Power Outlet USB 2.1A, 100-250 Voltage Travel Charger (Black)",499.0,499.0,0.0
"Wembley Rechargeable Karaoke Mic with Speaker for Singing | Wireless Mini Portable Bluetooth Speaker with Microphone & LED Lights | Cute Birthday Gift for Kids Musical Toys for Boys, Girls and Adults",548.0,548.0,0.0
"AGARO Elite Rechargeable Mini Electric Chopper, Food Grade Bowl, Stainless Steel Blades, Rechargeable, One Touch Operation, for Chopping Garlic, Ginger, Onion, Vegetable, Nuts, 250 Ml, Black",599.0,599.0,0.0
Acnos Luminous LED Display Fashionable Children's Digital Watches - Waterproof Sports Square Electronic Led Watch for Boy & Girl,299.0,299.0,0.0
"Portronics Beem 550 Smart Android Projector, HD 1080P, Height & Angle Adjustable Design, in-Built Apps, Auto Keystone,Screen Mirroring,6000 Lumens,5W Speaker,HDMI in,USB in,WiFi,BT",9499.0,9499.0,0.0
THEMISTO - built with passion Themisto Beginners 8 In 1 Corded_electric Soldering Iron Kit,259.0,259.0,0.0
Themisto TH-WS15 Electronic digital Kitchen Weighing Scale |10 Kg|Back Light LCD| Made In India with 1 Year Warranty,434.0,434.0,0.0
"Portronics Bridge Y USB 3.0 to Type C OTG Adaptor, 10Gbps High Speed Data Transfer, Thunderbolt to USB Adapter, Compatible for All Type C Devices, Smartphone, Laptops, Tablets, Chargers, MacBook",119.0,119.0,0.0
"Amazon Basics Travel Organiser for Electronic Accessories, Flexible Padded Dividers, Waterproof, Foam Padding, for Cables, Chargers, Hard Disk, Power Bank",469.0,469.0,0.0
Practical Electronics for Inventors,3879.0,3879.0,0.0
"Portronics MODESK Universal Mobile Holder Stand with Metal Body, Anti Skid Design, Light Weight for All Smartphones, Tablets, Kindle, iPad(Black)",119.0,119.0,0.0
"Portronics Talk Three Wearable Bluetooth Speaker with Mic, Magnetic/Spring Clip-On, Upto 10Hours Playtime, IPX5 Water/Dust Resistant, Bluetooth 5.3v, Big Buttons, Portable Speaker with Microphone",1399.0,1399.0,0.0
Lifelong Electronics 2500W Universal Travel Adapter All in One | 3 Type-C 45W PD & 2 USB-A 18W QC 3.0 | Dual Fuse Protection | 180+ Countries - Europe/US/Asia etc | International Socket,1899.0,1899.0,0.0
"GEONIX Vista V8 Smart Projector Full HD 1080p, 4K Decoding, 450 ANSI Lumens, Auto Focus, Dual Band WiFi, Android OS, 32GB Storage, 8W Speakers, 50,000H Lamp Life Ideal for Home & Office, Grey",13999.0,13999.0,0.0
"Destinio Universal Travel Adapter - 6-in-1 Fast Charging International Charger with PD, Type C & 3 USB Ports - All-in-One for US, UK, Europe (45W- Type C- (6 in 1 - Grey)",1599.0,1599.0,0.0
"EDNITA Hanging Weight Machine Electronic Portable Digital LED Screen Luggage Weighing Scale, 50 kg/110 Lb For Multi-Purpose Use",215.0,215.0,0.0
"Thermomate Electronic 50Kgs Digital Luggage Weighing Scale, weight machine for Home kitchen Digital weighing hook scale, Kitchen weighing scale kitchen, Weight machine, kitchen scale 50kg.Black",195.0,195.0,0.0
"Digital Watch, Silver Stainless Steel, Water Resistant LCD Display, Electronic Alarm Chronograph, 24H Time Format",299.0,299.0,0.0
APTECH DEALS Digital Multimeter LCD AC DC Measuring Voltage Current (2000 Counts),239.0,239.0,0.0
"Redmi Move Smartwatch | 1.85"" AMOLED (390×450, 600 nits) | Bluetooth Calling | 140+ Sports | 24×7 HR & SPO₂ | AOD | Up to 14-Day Battery | HyperOS (Blue Blaze Strap)",2499.0,2499.0,0.0
"IONIX Weight Machine for Luggage, Wait Machine, Luggage Wighing Scale, Digital Weighing Scale, Bag Weighing Scale for Luggage, Electronic Portable Fishing Hook Type Digital LED Screen, 50 kg (Black)",199.0,199.0,0.0
"Portronics Tune Prime CarPlay & Android Auto Adapter, Stream YouTube, Netflix, JioHotstar on Car Screen, Converts Wired to Wireless, Qualcomm Octacore Snapdragon, Built-in GPS, 4G SIM Slot, 4GB + 64GB",11999.0,11999.0,0.0
"Honeywell Universal Travel Adapter 70W, 7 in 1 Fast Charging, QC3.0/PD, Universal & US Socket, 3 Type C, 2 USB A, Overload & overvoltage Protection, International Adapter for EU, US, UK & CN/AUS",3859.0,3859.0,0.0
"Honeywell Universal Travel Adapter 70W, 7 in 1 Fast Charging, QC3.0/PD, Universal & US Socket, 3 Type C, 2 USB A, Overload & overvoltage Protection, International Adapter for EU, US, UK & CN/AUS",3859.0,3859.0,0.0
Portronics POR 343 UFO USB Home Charger 6 Ports 8A Charging Station for Smartphones and Tablets - White,548.0,548.0,0.0
"Portronics Snapcase 60W Multifunctional Fast Charging Data Cable Kit, Conversion Set USB A & Type C to Male Micro/Type C/Lightning,Data Transfer,Sim Storage,Sim Eject Pin,Pocket Mirror,Phone Holder",299.0,299.0,0.0
"Portronics 71W Car Power 1C Triple Output Fast Car Charger with 33W Type-C Cable, 20W Type-C PD, 18W USB Port, Fast Charging Adapter Compatible with Cars for iPhone & Android Smartphone (Black)",520.0,520.0,0.0
"pTron Bassbuds Tango in-Ear TWS Ear Buds w/Custom EQ, 50hrs Playtime, Pristine Sound, Dual Mic, TruTalk ENC Calls, Mobile App,Wireless Bluetooth V6.0,Touch Controls,Type-C Charging, IPX5 (Nexua Black)",899.0,899.0,0.0
"Ambrane 45W Universal Charger Adapter, Supports Laptop Charging: MacBook & Type C Laptop, 3X, 1x USB, 2500W AC Socket, International Worldwide Travel Adapter, PD Charging (ATA-04, Green)",1999.0,1999.0,0.0
Electronic Spices 100pcs Cable Connectors 2 Pins Electrical Push Type Cable Connectors Quick Splice Lock Wire Terminal 220V 10A,281.0,281.0,0.0
Weight Machine for Luggage 50kg Weighing Scale Electronic Portable Digital LED Screen Luggage Weight Scale for Home Shop Traveling Suitcase Cylinder Hanging Scale machine With Free Batteries,251.0,251.0,0.0
sE Electronics DM1 Dynamite Active Inline Microphone Preamplifier with 10-Pack Touch Fastener Straps & 20' XLR-XLR Cable Bundle,7195.5,7195.5,0.0
Amazon Basics Pro Series 2.4G + Bluetooth + USB Triple Mode Ergonomic Mouse | 8000 DPI | RGB Backlit | 7 Programmable Keys | 800mAh Battery | Side Scroll Wheel | Type-C Charging | Black,1709.0,1709.0,0.0
"E GATE Atom 3X Projector 4k ultra HD, Full HD 1080p Native, Automatic Home Projector for Room | 300 ISO | Rotatable Design | Android Netflix, Prime | ARC-HDMI, USB, Wifi-6, BT, Screen Mirroring, Egate",7990.0,7990.0,0.0
"HART X2 Smart Ring | Unisex Fitness Tracker for Sleep, Recovery, Stress, Workout, Calories & Live HR | 8+ Days Battery | Buy Sizing Kit First | Titanium (Sterling Gold, 10)",19499.0,19499.0,0.0
"Ceptics Universal Charger Adapter, 3 in 1 Universal Travel Adapter All in One, Universal Travel Accessories 2 USB 2.4A, 100-250 Voltage Travel Charger, International Travel Adapter, White",558.0,558.0,0.0
"Amazon Basics UPS for WiFi Router/Modem/Set top Box Devices. Supports 12Vdc, 2.5A Routers. Backup Upto 4 Hours, Current Surge & Deep Discharge Protection (Black)",989.0,989.0,0.0
"Portronics Tune, 2-in-1 Wireless Car Receiver, Converts Wired Auto Android & CarPlay to Wireless, Bluetooth Connectivity, Only for Cars with OEM Installed Wired Android Auto/CarPlay, 6 Months Warranty",1799.0,1799.0,0.0
"Portronics Tune Lite, Mini 2-in-1 Wireless CarPlay/Android Auto Receiver, Converts Wired to Wireless, Plug & Play, Only for Cars with OEM Installed Wired Android Auto/CarPlay, Android 12+ & iOS 15+",1599.0,1599.0,0.0
"THEMISTO - built with passion 27 in 1 Precision Screwdriver Set Multi Pocket Repair Tool Kit for Mobiles, Laptops, Electronics",249.0,249.0,0.0
Butterfly EduFields 5in1 STEM Robotics kit | Robotics Kits for Kids Ages 8 9 10 11 12 Years Old Boys Girls | Electronics Sensor Toy Modules | No Coding Required | Birthday Gift for Kids Ages 8+,997.0,997.0,0.0
"Electronic Spices Science Experiment Kit – for Kids, STEM Kit, Electric Circuit Kit with Motor Fan Toy, DIY Kit for Students, Science Experiment Kit",157.0,157.0,0.0
Shocknshop Digital Sports Stylish Multifunctional Electronic LED Black Dial Wrist Watch for Men Boys -WCH78,499.0,499.0,0.0
"AirCase Electronics Organizer Bag with Shockproof EVA Hardshell & Soft Lining, 2 Mesh Pockets, 11 Elastic Loops | Gadget Organizer for HDD/SSD, Power Bank, Cables, Adapters, Chargers, Gadgets (Grey)",849.0,849.0,0.0
Electronic spices Heavy Duty 30W Pencil Type soldering Iron Copper Tip With long PVC Wire 230V,203.0,203.0,0.0
